Timestamp,What name do you go by in the discord?,What is your discord @? (ex: @masterdaav),What is the Highest league you have reached?,Bracket,Ace,Agent,Apex,Atomic,Bandit,Bison,Centaur,Chinese Van,Comet,Conqueror,Coupe,Cyber,Electron,Elixeer,Duster,Expedition,Fang,Firearrow,Fortress,Flower,Fury,Ghost,Glamour,Hammer,Hopper,Hornet,Horizon,Kaiju,Kobra,Koi,Krystal Ship,Leap,Mamba,Mantis,Maverick,Memphis,Merlin,Millenium,Minni,Monster Car,Neon,Nightown,Polluter,Predator,Project,Roamer,Rodeo,Ronin,Safari,Satin,Taxi,Thor,Timber,Time Machine,Tofu,Tow Truck,Wild West,Wingman,Protos,Quantum,Jackpot,Startup,Scorpion,Samurai,Spectre
8/27/2025 22:18:55,Chungus,@paneerchungus,35,1,SSS,S,Don't have/cannot upgrade,SS,SS,S,S,Don't have/cannot upgrade,S,SSS,SS,SS,SSS,SSS,Don't have/cannot upgrade,SSS,SSS,SS,S,SS,SSS,SSS,SSS,Don't have/cannot upgrade,SSS,SS,Don't have/cannot upgrade,SS,SSS,SSS,Don't have/cannot upgrade,S,SSS,SS,SS,S,SSS,Don't have/cannot upgrade,SSS,S,SS,S,SS,SS,S,Don't have/cannot upgrade,SS,S,SSS,Don't have/cannot upgrade,SS,SSS,Don't have/cannot upgrade,SSS,SS,SS,SS,SSS,Don't have/cannot upgrade,Don't have/cannot upgrade,Don't have/cannot upgrade,Don't have/cannot upgrade,S,SSS,SS
8/28/2025 10:47:15,JonReremy,@jonreremy,35,1,SSS,SS,SS,SS,SS,SS,S,SS,SS,SSS,SS,SS,SS,SS,Don't have/cannot upgrade,SSS,SSS,SS,SS,SS,SSS,SSS,SSS,SSS,SS,SS,SS,SSS,SSS,A,SSS,SS,SSS,SSS,SS,SSS,SSS,SSS,SSS,S,SS,SS,SS,SS,S,SS,SS,SSS,SS,S,SS,SSS,SS,SSS,SS,SS,SSS,SSS,SS,Don't have/cannot upgrade,Don't have/cannot upgrade,S,S,SSS,SSS
8/28/2025 13:26:15,Jango,@mojango,35,1,SSS,Don't have/cannot upgrade,Don't have/cannot upgrade,SS,SS,S,SSS,SSS,Don't have/cannot upgrade,SSS,SS,Don't have/cannot upgrade,SSS,SSS,Don't have/cannot upgrade,SSS,SSS,S,Don't have/cannot upgrade,SS,SSS,S,SSS,Don't have/cannot upgrade,S,SSS,Don't have/cannot upgrade,SSS,SSS,Don't have/cannot upgrade,SSS,Don't have/cannot upgrade,S,Don't have/cannot upgrade,SSS,S,SSS,SS,SSS,Don't have/cannot upgrade,SS,SS,SS,SSS,SSS,Don't have/cannot upgrade,SS,SS,SS,Don't have/cannot upgrade,SSS,SSS,Don't have/cannot upgrade,SSS,SSS,Don't have/cannot upgrade,Don't have/cannot upgrade,S,S,SSS,Don't have/cannot upgrade,Don't have/cannot upgrade,SSS,SSS,SSS
8/28/2025 17:31:00,Mo,@Moheganvdm,35,1,S,SSS,SS,SS,SS,SSS,SS,SSS,SSS,SS,SSS,SSS,SSS,Don't have/cannot upgrade,Don't have/cannot upgrade,SSS,SSS,SS,SSS,SSS,SSS,SSS,SSS,SSS,SSS,SSS,SSS,SSS,S,SSS,SSS,SSS,SSS,S,SSS,S,SSS,SSS,SSS,SS,SSS,SSS,SSS,SSS,S,SSS,SS,SSS,SSS,SSS,SSS,SSS,SSS,SS,SSS,SSS,SSS,SSS,Don't have/cannot upgrade,Don't have/cannot upgrade,Don't have/cannot upgrade,Don't have/cannot upgrade,SSS,Don't have/cannot upgrade,Don't have/cannot upgrade
8/29/2025 10:57:34,Tattoo,@TaTToo,35,1,S,SS,Don't have/cannot upgrade,SS,SSS,SS,S,SS,SS,SS,SS,SS,Don't have/cannot upgrade,Don't have/cannot upgrade,Don't have/cannot upgrade,Don't have/cannot upgrade,SS,SS,SS,SS,A,SS,SSS,SS,SSS,S,SS,SS,SS,SS,SS,SS,SS,Don't have/cannot upgrade,SS,SS,SS,SS,SS,SS,SS,SS,SS,SSS,Don't have/cannot upgrade,SS,SS,SS,SS,Don't have/cannot upgrade,SS,SSS,Don't have/cannot upgrade,SSS,SS,SS,SS,SS,Don't have/cannot upgrade,Don't have/cannot upgrade,Don't have/cannot upgrade,Don't have/cannot upgrade,Don't have/cannot upgrade,Don't have/cannot upgrade,SS
09/01/2025 01:23,Jane,@cryingdiamvnds,35,1,SSS,SSS,S,SS,SSS,S,Don't have/cannot upgrade,S,SSS,SSS,S,SS,SS,SSS,SSS,SSS,SSS,S,SS,SS,SSS,SSS,SSS,S,S,SSS,SS,SSS,SSS,S,SSS,SS,SS,SSS,SS,SSS,SSS,SS,SSS,S,S,S,S,SSS,SSS,S,SS,SS,SSS,SSS,SSS,SSS,Don't have/cannot upgrade,SSS,SSS,SS,SSS,SSS,SSS,SSS,SSS,SSS,SSS,SSS,SSS
09/02/2025 18:29,Zest,@.zxst,35,1,Don't have/cannot upgrade,S,S,SSS,SSS,SSS,S,SSS,SSS,SSS,SSS,S,S,Don't have/cannot upgrade,Don't have/cannot upgrade,SSS,SSS,SS,SSS,SSS,SS,SS,SSS,SSS,S,S,S,SSS,SSS,SS,SSS,S,S,Don't have/cannot upgrade,SS,Don't have/cannot upgrade,SSS,SS,SSS,S,SS,S,S,S,S,Don't have/cannot upgrade,SSS,SS,SS,SS,SS,SSS,S,SSS,SS,SS,S,SS,Don't have/cannot upgrade,Don't have/cannot upgrade,Don't have/cannot upgrade,Don't have/cannot upgrade,Don't have/cannot upgrade,Don't have/cannot upgrade,Don't have/cannot upgrade
09/02/2025 00:53,Kalaginho,@ kalaginho,35,1,SSS,SSS,SSS,SSS,SSS,SSS,S,SSS,SSS,SSS,SSS,SSS,SSS,SSS,S,SSS,SSS,SSS,SS,SSS,SSS,SS,SSS,SSS,SSS,SSS,SSS,SSS,SS,SSS,SSS,SSS,SS,SSS,SSS,SS,SSS,SS,SSS,SSS,SSS,SSS,SSS,SSS,S,SS,SS,SSS,SSS,SSS,SSS,SSS,SSS,SSS,SSS,SSS,SSS,SSS,S,SS,Don't have/cannot upgrade,Don't have/cannot upgrade,SS,SSS,SS
8/25/2025 18:48:58,Daav,@masterdaav,35,1,SSS,SSS,S,SSS,SSS,SSS,Don't have/cannot upgrade,SSS,SSS,SSS,SSS,SSS,SSS,SSS,SSS,S,SSS,SSS,SSS,SSS,SSS,SSS,SSS,SSS,SSS,SSS,SSS,S,SSS,SSS,SSS,SSS,SSS,S,SSS,S,SS,SS,SSS,SSS,SSS,SSS,SSS,SSS,Don't have/cannot upgrade,SSS,S,SSS,SSS,SSS,SSS,SSS,SSS,SSS,SSS,SSS,SSS,SSS,Don't have/cannot upgrade,Don't have/cannot upgrade,SSS,SSS,SSS,Don't have/cannot upgrade,Don't have/cannot upgrade
8/27/2025 17:59:57,Zenith,@zacll,35,2,SSS,SSS,SSS,SSS,SSS,SSS,Don't have/cannot upgrade,SSS,SSS,SSS,SSS,SSS,SSS,SSS,Don't have/cannot upgrade,SSS,SSS,SSS,SSS,SSS,SSS,SSS,SSS,SSS,SSS,SSS,SSS,Don't have/cannot upgrade,SSS,SSS,SSS,SSS,SSS,SSS,SSS,S,SSS,SSS,SSS,SSS,SSS,SSS,SSS,SSS,Don't have/cannot upgrade,SSS,SSS,SSS,SSS,SSS,SSS,SSS,SSS,SSS,SSS,SSS,SSS,SSS,SSS,SS,S,SSS,SSS,SSS,SSS
8/27/2025 18:09:17,Yutaaah,@yutaaah._,35,2,SS,SSS,S,SSS,SSS,SSS,S,SSS,SSS,SSS,SSS,SSS,SSS,SS,S,SSS,SS,SSS,SSS,SSS,SSS,SSS,SSS,SSS,SSS,SSS,SSS,SS,SSS,SSS,SSS,SSS,SSS,SS,SSS,S,SSS,SSS,SSS,SSS,SSS,SSS,SSS,SSS,S,SSS,SSS,SSS,SSS,SSS,SSS,SSS,SSS,SSS,SSS,SSS,SSS,SSS,S,S,S,Don't have/cannot upgrade,SSS,SSS,S
09/01/2025 18:00,Fawn,@peeyew master 69,35,2,SSS,SSS,SSS,SSS,SSS,SSS,SSS,SSS,SSS,SSS,SSS,SSS,SSS,SSS,SSS,SSS,SSS,SSS,SSS,SSS,SSS,SSS,SSS,SSS,SSS,SSS,SSS,SSS,SSS,SSS,SSS,SSS,SSS,SSS,SSS,SSS,SSS,SSS,SSS,SSS,SSS,SSS,SSS,SSS,SSS,SSS,SSS,SSS,SSS,SSS,SSS,SSS,SSS,SSS,SSS,SSS,SSS,SSS,SSS,SSS,SSS,SSS,SSS,SSS,SSS
09/02/2025 07:23,KenDan,@ken_dan,35,2,Don't have/cannot upgrade,Don't have/cannot upgrade,SSS,SSS,SSS,SSS,SS,SSS,SSS,SSS,SSS,SSS,SSS,SS,Don't have/cannot upgrade,Don't have/cannot upgrade,SSS,SSS,SSS,SSS,SSS,SSS,SSS,SSS,SSS,SSS,SS,SSS,SS,SSS,SSS,SS,SS,Don't have/cannot upgrade,SSS,Don't have/cannot upgrade,SSS,SS,SSS,SS,SS,SSS,SSS,SSS,SS,SSS,SSS,SSS,SSS,SSS,SSS,SSS,SSS,SSS,SSS,SSS,SSS,SSS,SS,Don't have/cannot upgrade,Don't have/cannot upgrade,SSS,Don't have/cannot upgrade,SSS,Don't have/cannot upgrade
8/28/2025 17:59:23,Bean,@.beansprout,35,2,S,S,S,SS,SS,S,S,SSS,S,SSS,SSS,S,S,SSS,S,S,SSS,SSS,SS,S,SS,SS,SSS,S,S,SSS,S,S,SSS,SS,SSS,SSS,S,SSS,SSS,SSS,Don't have/cannot upgrade,SS,SSS,SS,SS,SS,Don't have/cannot upgrade,SSS,S,S,SS,SSS,SS,SSS,SS,SSS,SSS,SSS,SS,SS,SSS,SSS,S,Don't have/cannot upgrade,Don't have/cannot upgrade,Don't have/cannot upgrade,Don't have/cannot upgrade,SSS,S
8/27/2025 18:24:39,Kalipr,@cloudsfallfromthesky ,35,2,Don't have/cannot upgrade,SS,SS,SS,SSS,SS,S,SS,S,SS,SS,SS,SS,Don't have/cannot upgrade,Don't have/cannot upgrade,SSS,SS,SS,SS,SSS,SSS,S,SSS,SSS,S,SSS,SSS,SS,SS,SS,SS,SS,SS,Don't have/cannot upgrade,SS,Don't have/cannot upgrade,SS,SS,SS,S,SS,SSS,SS,SSS,Don't have/cannot upgrade,SS,SS,SS,SS,SS,SS,SSS,SS,SSS,SS,SS,SS,SS,Don't have/cannot upgrade,SS,Don't have/cannot upgrade,S,Don't have/cannot upgrade,Don't have/cannot upgrade,Don't have/cannot upgrade
09/01/2025 14:07,Deke,@itsdeke,35,2,Don't have/cannot upgrade,SS,Don't have/cannot upgrade,SS,SS,SS,SSS,SS,S,SSS,SSS,SS,SS,Don't have/cannot upgrade,Don't have/cannot upgrade,Don't have/cannot upgrade,Don't have/cannot upgrade,SS,SS,S,SSS,SS,Don't have/cannot upgrade,SS,S,SS,S,Don't have/cannot upgrade,S,SS,SS,SSS,SS,Don't have/cannot upgrade,SS,S,S,S,SSS,SS,SS,SS,SS,SS,SS,SS,SS,SS,SS,SS,SS,Don't have/cannot upgrade,SS,SSS,SS,SS,SSS,SSS,Don't have/cannot upgrade,SS,Don't have/cannot upgrade,Don't have/cannot upgrade,SSS,SSS,Don't have/cannot upgrade
8/27/2025 19:08:25,Tristan,@tristan_m432,35,2,Don't have/cannot upgrade,S,Don't have/cannot upgrade,S,SSS,S,SS,SSS,SS,SSS,S,S,S,SSS,Don't have/cannot upgrade,Don't have/cannot upgrade,SS,SS,S,S,S,S,S,S,S,S,S,S,SS,S,SS,S,S,Don't have/cannot upgrade,SS,Don't have/cannot upgrade,S,S,SS,SSS,S,S,S,SSS,Don't have/cannot upgrade,A,S,S,S,S,S,SSS,S,SS,S,S,SS,SS,Don't have/cannot upgrade,Don't have/cannot upgrade,Don't have/cannot upgrade,Don't have/cannot upgrade,Don't have/cannot upgrade,SSS,Don't have/cannot upgrade
8/27/2025 18:27:37,Jhoni,@jhonii,35,2,Don't have/cannot upgrade,Don't have/cannot upgrade,SSS,Don't have/cannot upgrade,SSS,SS,SSS,SSS,SS,SS,SS,SSS,Don't have/cannot upgrade,Don't have/cannot upgrade,Don't have/cannot upgrade,SSS,SSS,SSS,Don't have/cannot upgrade,SS,SSS,SSS,SSS,SSS,SS,SSS,SSS,SS,SSS,SS,SSS,SSS,SSS,Don't have/cannot upgrade,SSS,Don't have/cannot upgrade,SSS,SSS,SSS,SSS,Don't have/cannot upgrade,SSS,Don't have/cannot upgrade,SSS,Don't have/cannot upgrade,Don't have/cannot upgrade,SS,SS,Don't have/cannot upgrade,Don't have/cannot upgrade,Don't have/cannot upgrade,SSS,Don't have/cannot upgrade,SSS,SS,SS,SS,Don't have/cannot upgrade,Don't have/cannot upgrade,Don't have/cannot upgrade,Don't have/cannot upgrade,Don't have/cannot upgrade,Don't have/cannot upgrade,SSS,Don't have/cannot upgrade
8/28/2025 1:49:44,Skanderberg,@arsenius7109,35,3,SS,SSS,SS,SSS,SSS,SSS,Don't have/cannot upgrade,SS,SSS,Don't have/cannot upgrade,SSS,SSS,SSS,Don't have/cannot upgrade,S,Don't have/cannot upgrade,SS,SSS,SS,SSS,SSS,SSS,SSS,SSS,SSS,SSS,SSS,SSS,Don't have/cannot upgrade,SSS,SSS,SSS,SSS,Don't have/cannot upgrade,SSS,SS,SS,S,SSS,SSS,SSS,SSS,SSS,SSS,S,SSS,SS,SSS,SSS,SSS,SSS,SSS,SSS,SSS,SSS,SSS,SS,SSS,SS,Don't have/cannot upgrade,SS,S,S,Don't have/cannot upgrade,SS
09/01/2025 01:27,Bubs,@bwills.530,35,3,SSS,SSS,Don't have/cannot upgrade,SSS,SSS,SSS,Don't have/cannot upgrade,SSS,SSS,SSS,SSS,SSS,SSS,SS,SSS,SSS,SSS,SSS,SSS,SSS,SSS,SSS,SSS,SSS,SSS,SSS,SSS,SSS,SSS,SSS,SSS,SSS,SSS,S,SSS,S,SSS,SSS,SSS,SSS,SSS,SSS,SSS,SSS,SSS,SSS,SS,SSS,SSS,SSS,SSS,SSS,SSS,SSS,SSS,SSS,SSS,SSS,SSS,SSS,SSS,SSS,SSS,SSS,SSS
09/02/2025 00:20,DC Racer,@dc_racer_26,35,3,Don't have/cannot upgrade,SSS,Don't have/cannot upgrade,Don't have/cannot upgrade,Don't have/cannot upgrade,Don't have/cannot upgrade,S,Don't have/cannot upgrade,SS,SSS,SSS,SS,Don't have/cannot upgrade,Don't have/cannot upgrade,Don't have/cannot upgrade,S,SSS,Don't have/cannot upgrade,SSS,SS,Don't have/cannot upgrade,SSS,SSS,Don't have/cannot upgrade,Don't have/cannot upgrade,Don't have/cannot upgrade,Don't have/cannot upgrade,Don't have/cannot upgrade,Don't have/cannot upgrade,Don't have/cannot upgrade,Don't have/cannot upgrade,SSS,SSS,Don't have/cannot upgrade,SSS,Don't have/cannot upgrade,SSS,Don't have/cannot upgrade,SS,Don't have/cannot upgrade,SSS,SSS,Don't have/cannot upgrade,Don't have/cannot upgrade,SSS,SSS,SS,Don't have/cannot upgrade,SS,Don't have/cannot upgrade,Don't have/cannot upgrade,SSS,Don't have/cannot upgrade,SS,SS,Don't have/cannot upgrade,Don't have/cannot upgrade,SSS,Don't have/cannot upgrade,Don't have/cannot upgrade,Don't have/cannot upgrade,Don't have/cannot upgrade,Don't have/cannot upgrade,Don't have/cannot upgrade,Don't have/cannot upgrade
8/28/2025 5:55:59,Crxzy,@crxzy,35,3,SS,SSS,SSS,SSS,SSS,SSS,S,SS,SSS,SSS,SSS,SSS,SSS,S,SS,SS,SSS,SSS,SSS,SSS,SSS,SSS,SS,SSS,SSS,SSS,SSS,SSS,SSS,SSS,SSS,SSS,SSS,SS,SSS,SSS,SS,S,SSS,SSS,SSS,SSS,SSS,SSS,SS,SSS,SS,SSS,SSS,SSS,SSS,SSS,SSS,SSS,SSS,SSS,SSS,SSS,S,SS,S,SS,S,SS,S
09/03/2025 13:27,Jrash,@jrashotslide,35,3,SSS,SSS,SSS,SSS,SSS,SSS,S,SSS,SSS,SSS,SSS,SSS,SSS,SSS,Don't have/cannot upgrade,SSS,SS,SSS,SSS,SSS,SSS,SSS,SSS,SSS,SSS,SSS,SSS,SS,SS,SSS,SSS,SSS,SSS,S,SSS,SSS,SSS,SSS,SSS,SSS,SSS,SSS,SSS,SSS,SS,SSS,SSS,SSS,SSS,SSS,SSS,SSS,SSS,SSS,SSS,SSS,SSS,SSS,S,SSS,S,Don't have/cannot upgrade,SS,SSS,S
8/27/2025 19:42:47,Farts,@.farts.,35,3,Don't have/cannot upgrade,Don't have/cannot upgrade,Don't have/cannot upgrade,Don't have/cannot upgrade,Don't have/cannot upgrade,Don't have/cannot upgrade,SSS,Don't have/cannot upgrade,Don't have/cannot upgrade,Don't have/cannot upgrade,Don't have/cannot upgrade,Don't have/cannot upgrade,Don't have/cannot upgrade,SSS,Don't have/cannot upgrade,SSS,SS,Don't have/cannot upgrade,Don't have/cannot upgrade,Don't have/cannot upgrade,Don't have/cannot upgrade,Don't have/cannot upgrade,SS,Don't have/cannot upgrade,Don't have/cannot upgrade,Don't have/cannot upgrade,Don't have/cannot upgrade,SS,Don't have/cannot upgrade,Don't have/cannot upgrade,SSS,Don't have/cannot upgrade,SSS,Don't have/cannot upgrade,Don't have/cannot upgrade,Don't have/cannot upgrade,Don't have/cannot upgrade,Don't have/cannot upgrade,Don't have/cannot upgrade,Don't have/cannot upgrade,Don't have/cannot upgrade,Don't have/cannot upgrade,Don't have/cannot upgrade,Don't have/cannot upgrade,SSS,Don't have/cannot upgrade,Don't have/cannot upgrade,Don't have/cannot upgrade,Don't have/cannot upgrade,Don't have/cannot upgrade,Don't have/cannot upgrade,SSS,Don't have/cannot upgrade,Don't have/cannot upgrade,SSS,Don't have/cannot upgrade,SSS,Don't have/cannot upgrade,Don't have/cannot upgrade,SSS,Don't have/cannot upgrade,Don't have/cannot upgrade,SSS,SSS,Don't have/cannot upgrade
8/28/2025 20:07:06,Kenny,@28kenny,35,3,Don't have/cannot upgrade,SS,S,SS,SSS,S,Don't have/cannot upgrade,SS,S,SSS,SS,A,SS,S,Don't have/cannot upgrade,Don't have/cannot upgrade,SS,SS,SS,SSS,SSS,S,SS,SS,SS,S,SS,S,SS,SS,SS,SS,SSS,SS,SS,Don't have/cannot upgrade,SSS,SS,SS,S,SS,SS,SS,SSS,S,SS,SS,SSS,SS,S,SS,SSS,SS,SSS,SS,SS,S,SS,Don't have/cannot upgrade,S,Don't have/cannot upgrade,Don't have/cannot upgrade,Don't have/cannot upgrade,SS,SS
09/03/2025 13:21,Steefee,@steefee,35,3,Don't have/cannot upgrade,Don't have/cannot upgrade,SS,Don't have/cannot upgrade,Don't have/cannot upgrade,Don't have/cannot upgrade,Don't have/cannot upgrade,Don't have/cannot upgrade,Don't have/cannot upgrade,SS,Don't have/cannot upgrade,Don't have/cannot upgrade,Don't have/cannot upgrade,SSS,Don't have/cannot upgrade,SSS,SSS,Don't have/cannot upgrade,Don't have/cannot upgrade,Don't have/cannot upgrade,Don't have/cannot upgrade,Don't have/cannot upgrade,SSS,Don't have/cannot upgrade,Don't have/cannot upgrade,SS,Don't have/cannot upgrade,Don't have/cannot upgrade,SS,Don't have/cannot upgrade,Don't have/cannot upgrade,Don't have/cannot upgrade,Don't have/cannot upgrade,Don't have/cannot upgrade,Don't have/cannot upgrade,Don't have/cannot upgrade,S,Don't have/cannot upgrade,Don't have/cannot upgrade,Don't have/cannot upgrade,Don't have/cannot upgrade,Don't have/cannot upgrade,Don't have/cannot upgrade,SSS,Don't have/cannot upgrade,Don't have/cannot upgrade,Don't have/cannot upgrade,Don't have/cannot upgrade,Don't have/cannot upgrade,Don't have/cannot upgrade,Don't have/cannot upgrade,SSS,Don't have/cannot upgrade,Don't have/cannot upgrade,Don't have/cannot upgrade,Don't have/cannot upgrade,Don't have/cannot upgrade,Don't have/cannot upgrade,Don't have/cannot upgrade,SSS,Don't have/cannot upgrade,Don't have/cannot upgrade,Don't have/cannot upgrade,SSS,Don't have/cannot upgrade
09/03/2025 18:39,Samurai,@Samurai,35,3,SS,SSS,SSS,SSS,SSS,SSS,Don't have/cannot upgrade,SSS,SSS,SSS,SSS,SSS,SSS,SSS,Don't have/cannot upgrade,Don't have/cannot upgrade,SSS,SSS,SSS,SSS,SSS,SSS,SSS,SSS,SSS,SSS,SSS,SS,SSS,SSS,SSS,SSS,SSS,SSS,SSS,SS,SSS,SSS,SSS,SSS,SSS,SSS,SSS,SSS,SSS,SSS,SSS,SSS,SSS,SSS,SSS,SSS,SSS,SSS,SSS,SSS,SSS,SSS,SSS,SSS,S,Don't have/cannot upgrade,Don't have/cannot upgrade,SS,Don't have/cannot upgrade
8/27/2025 18:21:44,Luh,@luh.h_,35,4,SSS,SSS,SS,SSS,SSS,SSS,SSS,SSS,SSS,S,SSS,SSS,SSS,S,S,SS,S,SSS,SSS,SSS,SSS,SSS,SSS,SSS,SSS,SSS,SSS,SS,SSS,SSS,SSS,SSS,SSS,SS,SSS,Don't have/cannot upgrade,S,SSS,SSS,SSS,SSS,SSS,SSS,SSS,S,SSS,SS,SS,SSS,SSS,SSS,SSS,SSS,SSS,SSS,SSS,SSS,SSS,S,SSS,Don't have/cannot upgrade,S,S,SSS,SS
8/27/2025 18:12:22,Nah Id Drift,@proxo_1,35,4,SSS,SSS,S,SSS,SSS,SS,Don't have/cannot upgrade,SSS,SSS,SS,SSS,SSS,SSS,Don't have/cannot upgrade,Don't have/cannot upgrade,Don't have/cannot upgrade,SS,SSS,SSS,SSS,SS,SS,SSS,SSS,SSS,SSS,SS,SS,SS,SSS,SSS,SSS,SSS,S,SS,SS,Don't have/cannot upgrade,SS,SSS,SSS,SSS,SSS,SSS,SSS,S,SSS,S,SSS,SSS,SSS,SSS,SS,SS,SSS,SSS,SSS,SSS,SSS,S,SS,Don't have/cannot upgrade,Don't have/cannot upgrade,Don't have/cannot upgrade,Don't have/cannot upgrade,S
8/27/2025 21:35:28,Cassiopea,@caselost,35,4,Don't have/cannot upgrade,Don't have/cannot upgrade,SSS,Don't have/cannot upgrade,Don't have/cannot upgrade,Don't have/cannot upgrade,Don't have/cannot upgrade,SSS,SS,SS,SSS,Don't have/cannot upgrade,SSS,Don't have/cannot upgrade,SSS,Don't have/cannot upgrade,Don't have/cannot upgrade,SSS,SSS,SSS,SS,Don't have/cannot upgrade,Don't have/cannot upgrade,Don't have/cannot upgrade,Don't have/cannot upgrade,SSS,Don't have/cannot upgrade,SSS,Don't have/cannot upgrade,Don't have/cannot upgrade,SSS,SSS,SSS,SS,SSS,Don't have/cannot upgrade,SSS,Don't have/cannot upgrade,SSS,SSS,Don't have/cannot upgrade,Don't have/cannot upgrade,Don't have/cannot upgrade,SSS,SSS,SSS,Don't have/cannot upgrade,SSS,Don't have/cannot upgrade,SSS,Don't have/cannot upgrade,SSS,Don't have/cannot upgrade,SSS,Don't have/cannot upgrade,SSS,SSS,SSS,Don't have/cannot upgrade,Don't have/cannot upgrade,Don't have/cannot upgrade,Don't have/cannot upgrade,SSS,SSS,SSS
8/28/2025 17:16:02,Nick CPA,@xtraderp,35,4,Don't have/cannot upgrade,Don't have/cannot upgrade,Don't have/cannot upgrade,Don't have/cannot upgrade,SS,Don't have/cannot upgrade,S,SSS,Don't have/cannot upgrade,Don't have/cannot upgrade,Don't have/cannot upgrade,Don't have/cannot upgrade,Don't have/cannot upgrade,SSS,Don't have/cannot upgrade,SS,SS,Don't have/cannot upgrade,Don't have/cannot upgrade,Don't have/cannot upgrade,Don't have/cannot upgrade,Don't have/cannot upgrade,Don't have/cannot upgrade,Don't have/cannot upgrade,Don't have/cannot upgrade,Don't have/cannot upgrade,Don't have/cannot upgrade,Don't have/cannot upgrade,SS,Don't have/cannot upgrade,Don't have/cannot upgrade,Don't have/cannot upgrade,Don't have/cannot upgrade,Don't have/cannot upgrade,Don't have/cannot upgrade,S,Don't have/cannot upgrade,Don't have/cannot upgrade,SSS,Don't have/cannot upgrade,Don't have/cannot upgrade,Don't have/cannot upgrade,Don't have/cannot upgrade,Don't have/cannot upgrade,S,Don't have/cannot upgrade,Don't have/cannot upgrade,Don't have/cannot upgrade,Don't have/cannot upgrade,Don't have/cannot upgrade,Don't have/cannot upgrade,SSS,Don't have/cannot upgrade,Don't have/cannot upgrade,Don't have/cannot upgrade,SSS,Don't have/cannot upgrade,Don't have/cannot upgrade,Don't have/cannot upgrade,SSS,Don't have/cannot upgrade,SSS,SSS,SSS,Don't have/cannot upgrade
09/02/2025 11:48,Tazaky,@tazaky,35,4,Don't have/cannot upgrade,SS,SSS,SSS,SSS,SSS,Don't have/cannot upgrade,SSS,S,SS,SSS,SSS,SSS,SS,Don't have/cannot upgrade,SS,SS,SS,SSS,SSS,SSS,SS,SSS,Don't have/cannot upgrade,Don't have/cannot upgrade,A,SSS,S,Don't have/cannot upgrade,SSS,SSS,Don't have/cannot upgrade,SSS,Don't have/cannot upgrade,SSS,S,SSS,S,SSS,SSS,Don't have/cannot upgrade,SSS,SSS,SSS,SS,SS,S,SSS,SSS,SSS,SSS,SSS,Don't have/cannot upgrade,SSS,SSS,SSS,S,SSS,SSS,SSS,Don't have/cannot upgrade,SSS,SSS,SSS,SS
8/27/2025 18:17:58,Fallen,@.fall3n._,35,4,Don't have/cannot upgrade,SSS,S,SSS,SSS,SSS,S,SSS,SSS,SSS,SSS,SSS,SSS,SSS,Don't have/cannot upgrade,S,SS,SSS,SSS,SSS,SSS,SSS,SSS,SSS,SSS,SSS,SSS,SS,SSS,SSS,SSS,SSS,SSS,SSS,SSS,SS,SS,S,SSS,SSS,SSS,SSS,SSS,SSS,SSS,SSS,Don't have/cannot upgrade,SSS,SSS,SSS,SSS,SSS,SSS,SSS,SSS,SSS,SSS,SSS,SS,SSS,Don't have/cannot upgrade,Don't have/cannot upgrade,SSS,SSS,SSS
8/28/2025 1:46:13,Ranger Robert ,@rangerrobert ,35,4,SS,Don't have/cannot upgrade,SS,Don't have/cannot upgrade,Don't have/cannot upgrade,SS,Don't have/cannot upgrade,Don't have/cannot upgrade,Don't have/cannot upgrade,SS,SSS,SSS,Don't have/cannot upgrade,Don't have/cannot upgrade,Don't have/cannot upgrade,Don't have/cannot upgrade,SS,Don't have/cannot upgrade,S,Don't have/cannot upgrade,S,SS,SSS,Don't have/cannot upgrade,SS,SS,Don't have/cannot upgrade,Don't have/cannot upgrade,S,Don't have/cannot upgrade,SS,SS,SSS,S,SSS,S,SS,SS,SS,SS,Don't have/cannot upgrade,Don't have/cannot upgrade,Don't have/cannot upgrade,SSS,Don't have/cannot upgrade,Don't have/cannot upgrade,SSS,SS,SS,Don't have/cannot upgrade,Don't have/cannot upgrade,SSS,Don't have/cannot upgrade,A,SS,Don't have/cannot upgrade,SSS,Don't have/cannot upgrade,Don't have/cannot upgrade,Don't have/cannot upgrade,Don't have/cannot upgrade,Don't have/cannot upgrade,Don't have/cannot upgrade,Don't have/cannot upgrade,Don't have/cannot upgrade
8/27/2025 18:08:16,Strawberry,@aspect.wrld,35,4,Don't have/cannot upgrade,Don't have/cannot upgrade,S,SS,SS,SS,Don't have/cannot upgrade,S,SS,SS,SS,SSS,SS,Don't have/cannot upgrade,Don't have/cannot upgrade,Don't have/cannot upgrade,S,SS,SSS,SS,SS,S,Don't have/cannot upgrade,SS,SSS,SS,SSS,SSS,SS,SS,SS,SS,SSS,Don't have/cannot upgrade,SS,Don't have/cannot upgrade,S,S,SS,SS,SS,SS,Don't have/cannot upgrade,Don't have/cannot upgrade,SS,Don't have/cannot upgrade,SS,S,Don't have/cannot upgrade,SS,SS,SSS,SS,SS,SS,SS,S,Don't have/cannot upgrade,Don't have/cannot upgrade,Don't have/cannot upgrade,Don't have/cannot upgrade,Don't have/cannot upgrade,Don't have/cannot upgrade,Don't have/cannot upgrade,S
8/28/2025 3:49:12,Thiasma,@thiasma1308,34,4,S,Don't have/cannot upgrade,Don't have/cannot upgrade,S,SS,SS,S,S,SS,SSS,S,S,S,Don't have/cannot upgrade,Don't have/cannot upgrade,Don't have/cannot upgrade,SS,A,S,S,SS,S,SSS,A,SSS,S,S,SS,SS,SS,S,S,A,Don't have/cannot upgrade,S,Don't have/cannot upgrade,SS,SS,S,S,S,S,S,SSS,Don't have/cannot upgrade,S,S,A,SS,S,SS,SS,S,SS,S,S,A,S,Don't have/cannot upgrade,Don't have/cannot upgrade,Don't have/cannot upgrade,Don't have/cannot upgrade,Don't have/cannot upgrade,SS,Don't have/cannot upgrade
09/01/2025 18:19,FBR,@thickyjor,35,5,SS,SSS,SSS,SSS,SSS,SSS,SS,SSS,SSS,SS,SSS,SSS,SSS,SS,S,SS,S,SSS,SSS,SSS,SSS,SSS,SSS,SSS,SSS,SSS,SSS,SS,SSS,SSS,SSS,SSS,SSS,SSS,SSS,SS,SS,S,SSS,SSS,SSS,SSS,SSS,SSS,SSS,SSS,S,SSS,SSS,SSS,SSS,SSS,SSS,SSS,SSS,SSS,SSS,SSS,SS,SSS,Don't have/cannot upgrade,SSS,SSS,SS,SS
09/01/2025 00:15,Jxn,@jinxedjxn2,35,5,SS,SSS,SS,SSS,SSS,SSS,SSS,SSS,SSS,SS,SSS,SSS,SSS,SS,SS,SSS,SSS,SSS,SSS,SSS,SSS,SS,SSS,SSS,SSS,SSS,SSS,SSS,SSS,SSS,SSS,SSS,SSS,Don't have/cannot upgrade,SSS,S,SS,SS,SSS,SSS,SSS,SSS,SSS,SSS,SSS,SSS,Don't have/cannot upgrade,SSS,SSS,SSS,SSS,SSS,SSS,SSS,SSS,SSS,SSS,SSS,S,SSS,SS,SSS,SS,SSS,SSS
8/27/2025 18:04:13,Velox,@velox101,34,5,S,SS,SS,SS,SSS,SS,Don't have/cannot upgrade,SSS,SS,SS,SS,SS,SS,Don't have/cannot upgrade,S,Don't have/cannot upgrade,SS,SSS,SS,SS,SS,A,SS,SSS,SSS,SS,SS,SS,S,S,SS,SS,SS,S,SSS,Don't have/cannot upgrade,SS,SS,SSS,SSS,SS,SS,SS,SS,SS,SS,Don't have/cannot upgrade,SSS,SS,SS,SS,SS,SSS,SSS,SSS,SS,SS,SSS,Don't have/cannot upgrade,Don't have/cannot upgrade,S,Don't have/cannot upgrade,S,S,S
8/28/2025 7:18:31,Kux,@kuxj,35,5,Don't have/cannot upgrade,SS,SS,SS,SS,SSS,Don't have/cannot upgrade,SS,SS,SS,SS,SSS,SS,SSS,Don't have/cannot upgrade,SS,SS,SS,SS,S,A,SS,SSS,SS,SS,S,SS,SS,SS,SS,SS,SSS,SS,Don't have/cannot upgrade,SS,Don't have/cannot upgrade,SS,SS,SS,SS,SSS,S,SS,SS,Don't have/cannot upgrade,SS,Don't have/cannot upgrade,SS,SS,SSS,SS,SSS,SS,SS,SS,SS,SSS,SS,Don't have/cannot upgrade,Don't have/cannot upgrade,Don't have/cannot upgrade,Don't have/cannot upgrade,Don't have/cannot upgrade,Don't have/cannot upgrade,Don't have/cannot upgrade
8/27/2025 18:13:35,Yogurt,@realyogurt,35,6,Don't have/cannot upgrade,SSS,S,SS,SSS,S,S,SSS,SS,S,SS,SSS,SS,Don't have/cannot upgrade,Don't have/cannot upgrade,S,SSS,SS,SS,SS,SS,S,SSS,SS,SS,A,S,SSS,SS,SS,SS,SS,SS,Don't have/cannot upgrade,SSS,Don't have/cannot upgrade,Don't have/cannot upgrade,S,SS,SS,Don't have/cannot upgrade,SS,SS,SS,S,SS,Don't have/cannot upgrade,S,SS,SS,SS,SSS,SS,SS,SS,SS,S,SS,Don't have/cannot upgrade,S,Don't have/cannot upgrade,Don't have/cannot upgrade,S,Don't have/cannot upgrade,Don't have/cannot upgrade
8/28/2025 0:55:22,Speedkami,@speedkami,35,5,Don't have/cannot upgrade,Don't have/cannot upgrade,SS,Don't have/cannot upgrade,Don't have/cannot upgrade,Don't have/cannot upgrade,Don't have/cannot upgrade,Don't have/cannot upgrade,Don't have/cannot upgrade,S,Don't have/cannot upgrade,Don't have/cannot upgrade,Don't have/cannot upgrade,Don't have/cannot upgrade,Don't have/cannot upgrade,Don't have/cannot upgrade,SS,SS,Don't have/cannot upgrade,Don't have/cannot upgrade,SS,Don't have/cannot upgrade,SSS,Don't have/cannot upgrade,Don't have/cannot upgrade,SS,Don't have/cannot upgrade,SS,SS,SS,Don't have/cannot upgrade,Don't have/cannot upgrade,Don't have/cannot upgrade,Don't have/cannot upgrade,SS,Don't have/cannot upgrade,SS,S,Don't have/cannot upgrade,Don't have/cannot upgrade,Don't have/cannot upgrade,Don't have/cannot upgrade,Don't have/cannot upgrade,SS,SS,Don't have/cannot upgrade,Don't have/cannot upgrade,Don't have/cannot upgrade,Don't have/cannot upgrade,Don't have/cannot upgrade,Don't have/cannot upgrade,SSS,Don't have/cannot upgrade,SSS,Don't have/cannot upgrade,Don't have/cannot upgrade,Don't have/cannot upgrade,Don't have/cannot upgrade,Don't have/cannot upgrade,Don't have/cannot upgrade,Don't have/cannot upgrade,Don't have/cannot upgrade,SS,Don't have/cannot upgrade,Don't have/cannot upgrade
8/27/2025 23:13:09,Colrr,@colrr,34,5,Don't have/cannot upgrade,Don't have/cannot upgrade,Don't have/cannot upgrade,Don't have/cannot upgrade,Don't have/cannot upgrade,SS,S,Don't have/cannot upgrade,Don't have/cannot upgrade,SS,Don't have/cannot upgrade,SS,Don't have/cannot upgrade,Don't have/cannot upgrade,Don't have/cannot upgrade,Don't have/cannot upgrade,S,Don't have/cannot upgrade,Don't have/cannot upgrade,Don't have/cannot upgrade,Don't have/cannot upgrade,Don't have/cannot upgrade,SSS,Don't have/cannot upgrade,Don't have/cannot upgrade,Don't have/cannot upgrade,Don't have/cannot upgrade,Don't have/cannot upgrade,Don't have/cannot upgrade,Don't have/cannot upgrade,Don't have/cannot upgrade,S,Don't have/cannot upgrade,Don't have/cannot upgrade,SS,Don't have/cannot upgrade,Don't have/cannot upgrade,Don't have/cannot upgrade,S,Don't have/cannot upgrade,Don't have/cannot upgrade,Don't have/cannot upgrade,Don't have/cannot upgrade,Don't have/cannot upgrade,Don't have/cannot upgrade,Don't have/cannot upgrade,Don't have/cannot upgrade,Don't have/cannot upgrade,Don't have/cannot upgrade,Don't have/cannot upgrade,Don't have/cannot upgrade,SS,Don't have/cannot upgrade,Don't have/cannot upgrade,Don't have/cannot upgrade,Don't have/cannot upgrade,Don't have/cannot upgrade,Don't have/cannot upgrade,Don't have/cannot upgrade,Don't have/cannot upgrade,Don't have/cannot upgrade,Don't have/cannot upgrade,Don't have/cannot upgrade,S,Don't have/cannot upgrade
09/03/2025 01:30,Fletch,@ Fá„‚Î£Æ¬á„ƒÎ‰ðŸ¦Ž,34,5,SS,SSS,SS,SSS,SS,SSS,Don't have/cannot upgrade,SS,SSS,SS,SS,SSS,SSS,SSS,Don't have/cannot upgrade,Don't have/cannot upgrade,SS,SSS,SSS,SS,SS,SS,SS,SSS,SSS,S,SS,Don't have/cannot upgrade,S,SSS,SSS,SSS,SS,Don't have/cannot upgrade,SS,SS,SS,SSS,SSS,SSS,SSS,SSS,SSS,SS,SS,SSS,SS,SSS,SSS,SSS,SSS,Don't have/cannot upgrade,SSS,SSS,SSS,SSS,A,SSS,Don't have/cannot upgrade,Don't have/cannot upgrade,S,Don't have/cannot upgrade,Don't have/cannot upgrade,Don't have/cannot upgrade,SS
8/27/2025 19:03:41,D1ZZY,@D1ZZY GL1TCH,34,5,Don't have/cannot upgrade,SS,SS,S,S,S,Don't have/cannot upgrade,A,S,S,SS,A,SS,Don't have/cannot upgrade,S,Don't have/cannot upgrade,Don't have/cannot upgrade,A,SS,S,S,S,SSS,SS,SS,A,A,Don't have/cannot upgrade,Don't have/cannot upgrade,SS,S,SS,SS,Don't have/cannot upgrade,SS,Don't have/cannot upgrade,SS,Don't have/cannot upgrade,S,S,S,S,S,S,Don't have/cannot upgrade,S,S,S,S,S,S,Don't have/cannot upgrade,S,SS,SS,S,S,S,Don't have/cannot upgrade,Don't have/cannot upgrade,Don't have/cannot upgrade,Don't have/cannot upgrade,Don't have/cannot upgrade,Don't have/cannot upgrade,Don't have/cannot upgrade
09/01/2025 16:50,Zaorn,@zaornin,35,6,S,SS,S,SS,SS,SS,Don't have/cannot upgrade,SS,SS,SSS,SSS,SSS,SS,SS,Don't have/cannot upgrade,Don't have/cannot upgrade,SS,SSS,SSS,SS,SS,SS,SS,SS,SSS,SS,SS,SS,SS,SS,SS,SSS,SSS,Don't have/cannot upgrade,SSS,Don't have/cannot upgrade,SS,Don't have/cannot upgrade,SSS,SS,SS,SS,SS,SSS,SSS,SS,S,SS,SS,SS,SS,SSS,SS,SSS,SS,SS,SS,SSS,Don't have/cannot upgrade,SSS,Don't have/cannot upgrade,Don't have/cannot upgrade,Don't have/cannot upgrade,SSS,SS
8/29/2025 10:32:37,snpnirav,@snpnirav4609,35,6,Don't have/cannot upgrade,SS,SS,SS,SS,S,Don't have/cannot upgrade,SS,SS,S,SS,SS,SS,Don't have/cannot upgrade,Don't have/cannot upgrade,S,S,SS,SS,SS,SS,S,S,SS,S,SSS,SS,SS,SS,SS,SS,SS,S,Don't have/cannot upgrade,SSS,Don't have/cannot upgrade,S,SS,SS,SS,SS,SS,SS,SS,Don't have/cannot upgrade,Don't have/cannot upgrade,Don't have/cannot upgrade,SS,SS,SS,SS,Don't have/cannot upgrade,SS,SS,SS,SS,SS,SSS,Don't have/cannot upgrade,SS,Don't have/cannot upgrade,Don't have/cannot upgrade,SS,SSS,Don't have/cannot upgrade
8/30/2025 5:58:50,Enkobo ,@enkobo,35,6,Don't have/cannot upgrade,SS,SS,SS,SS,SSS,Don't have/cannot upgrade,SS,SS,SS,SS,SS,SSS,S,S,Don't have/cannot upgrade,Don't have/cannot upgrade,SSS,SSS,SSS,SS,SS,SSS,SSS,SS,SS,SSS,Don't have/cannot upgrade,S,SS,SS,SS,SSS,Don't have/cannot upgrade,SSS,Don't have/cannot upgrade,SSS,SS,SSS,SS,SSS,SSS,SS,SSS,S,SS,SSS,SSS,SSS,S,SS,SS,SS,SSS,SSS,SSS,SSS,SSS,S,SS,S,S,SS,SS,S
8/27/2025 19:15:52,Sokpupt,@imnothere,34,6,A,SS,S,SS,SSS,SSS,Don't have/cannot upgrade,SSS,SSS,Don't have/cannot upgrade,SSS,SSS,SS,S,S,Don't have/cannot upgrade,S,SSS,SS,SSS,SSS,SS,SS,SSS,SSS,SSS,SSS,Don't have/cannot upgrade,S,SSS,SSS,SS,SSS,S,SSS,S,S,S,SSS,SSS,SSS,SSS,SSS,SSS,SS,SS,S,S,SSS,SS,SSS,SS,SSS,SSS,SSS,SSS,SSS,SSS,S,S,S,S,SS,SS,S
8/27/2025 18:48:31,Sly,@1nonly.sly,34,6,S,SS,S,SS,SSS,SS,Don't have/cannot upgrade,SS,S,Don't have/cannot upgrade,SS,SS,SS,Don't have/cannot upgrade,Don't have/cannot upgrade,S,S,SSS,SS,SS,S,SS,SS,S,SS,SS,SS,S,SS,SSS,SS,SS,SSS,Don't have/cannot upgrade,S,S,S,SS,SS,SS,SS,SS,SS,SS,Don't have/cannot upgrade,SS,S,S,SS,SS,SS,SS,SS,SSS,SS,SS,SS,SS,Don't have/cannot upgrade,S,Don't have/cannot upgrade,SS,Don't have/cannot upgrade,S,SS
8/27/2025 18:15:11,Zuhayer,@zuhayer_28,34,6,Don't have/cannot upgrade,SS,SS,SS,SS,SS,S,S,SSS,SS,SS,SS,SS,SS,Don't have/cannot upgrade,SS,SS,SS,SS,SS,SSS,S,Don't have/cannot upgrade,SS,SS,SS,SS,S,S,SS,SS,S,S,SS,SS,Don't have/cannot upgrade,SS,S,SS,SSS,SS,SS,SS,SSS,S,SS,S,SS,SS,SS,SS,SSS,SS,SSS,SS,SS,SSS,SS,Don't have/cannot upgrade,Don't have/cannot upgrade,Don't have/cannot upgrade,Don't have/cannot upgrade,Don't have/cannot upgrade,SS,Don't have/cannot upgrade
09/03/2025 00:02,Mr Wood,@Mr.Woood,34,6,S,SS,SS,SS,S,SSS,Don't have/cannot upgrade,SSS,SSS,SSS,SSS,SS,SS,Don't have/cannot upgrade,Don't have/cannot upgrade,Don't have/cannot upgrade,SSS,SSS,SSS,SSS,S,SS,SS,SSS,SSS,SS,A,SSS,SSS,SS,SSS,SS,SSS,SS,SSS,Don't have/cannot upgrade,SS,SS,SS,SSS,SS,SS,SS,SSS,SS,SS,SS,SSS,SS,SS,SSS,SSS,SS,S,SS,SS,SSS,SS,Don't have/cannot upgrade,Don't have/cannot upgrade,S,Don't have/cannot upgrade,Don't have/cannot upgrade,SS,Don't have/cannot upgrade
8/31/2025 11:34:05,Nic,@nic3686,34,6,Don't have/cannot upgrade,SS,S,SS,S,S,S,SS,S,Don't have/cannot upgrade,SS,SSS,S,Don't have/cannot upgrade,Don't have/cannot upgrade,S,SS,S,SS,SS,S,SS,S,SS,S,S,SS,Don't have/cannot upgrade,S,S,S,SS,S,Don't have/cannot upgrade,SS,Don't have/cannot upgrade,S,Don't have/cannot upgrade,SS,SS,SS,SS,SS,A,Don't have/cannot upgrade,SS,S,S,SS,S,SS,SSS,SS,SS,SS,SS,S,S,Don't have/cannot upgrade,Don't have/cannot upgrade,Don't have/cannot upgrade,Don't have/cannot upgrade,Don't have/cannot upgrade,SS,Don't have/cannot upgrade
09/02/2025 12:46,2bskii,@asdasfhnfasdg,34,6,SS,SS,SS,SS,S,S,Don't have/cannot upgrade,SS,A,S,S,SSS,SS,S,SS,Don't have/cannot upgrade,SS,SS,SS,SSS,A,S,SS,S,S,SS,SS,SSS,S,SS,SS,SS,S,S,SSS,Don't have/cannot upgrade,Don't have/cannot upgrade,S,SS,SS,SS,SS,SS,SS,S,SS,Don't have/cannot upgrade,SS,SS,SS,SS,Don't have/cannot upgrade,SS,SSS,SS,SS,SS,S,Don't have/cannot upgrade,Don't have/cannot upgrade,Don't have/cannot upgrade,Don't have/cannot upgrade,Don't have/cannot upgrade,Don't have/cannot upgrade,Don't have/cannot upgrade
8/28/2025 6:05:59,Barebuha,@ba.re.bu.ha,34,7,SS,SS,SS,SS,S,SS,S,SS,SSS,SS,S,SS,SS,S,Don't have/cannot upgrade,Don't have/cannot upgrade,SS,SS,S,S,S,SS,S,SSS,SS,SS,SSS,SSS,SSS,S,SS,SS,SS,Don't have/cannot upgrade,S,SS,SS,SS,SS,SS,SS,S,SS,SS,S,SS,S,SS,SS,SS,SS,SSS,SS,SSS,SS,SS,SS,SS,Don't have/cannot upgrade,Don't have/cannot upgrade,S,Don't have/cannot upgrade,Don't have/cannot upgrade,Don't have/cannot upgrade,Don't have/cannot upgrade
8/27/2025 18:23:38,Jackson,@itsfalloutboy2,34,7,Don't have/cannot upgrade,SS,S,SS,A,S,Don't have/cannot upgrade,S,SS,Don't have/cannot upgrade,SS,SS,SS,S,Don't have/cannot upgrade,SS,SS,SS,S,SS,SSS,SSS,SS,SS,SS,SSS,SS,SS,SS,SS,SS,A,SS,Don't have/cannot upgrade,S,Don't have/cannot upgrade,S,SS,SS,SS,SS,SS,SS,SS,SS,SS,Don't have/cannot upgrade,SS,SS,SS,SS,S,SS,SS,SS,SS,S,S,Don't have/cannot upgrade,Don't have/cannot upgrade,Don't have/cannot upgrade,Don't have/cannot upgrade,S,S,Don't have/cannot upgrade
9/1/2025 17:16:15,AhsokaBee,@ahsokabee,34,7,Don't have/cannot upgrade,Don't have/cannot upgrade,SS,SS,Don't have/cannot upgrade,Don't have/cannot upgrade,Don't have/cannot upgrade,Don't have/cannot upgrade,Don't have/cannot upgrade,Don't have/cannot upgrade,SS,Don't have/cannot upgrade,Don't have/cannot upgrade,Don't have/cannot upgrade,SS,Don't have/cannot upgrade,Don't have/cannot upgrade,Don't have/cannot upgrade,Don't have/cannot upgrade,Don't have/cannot upgrade,SS,Don't have/cannot upgrade,SSS,Don't have/cannot upgrade,SS,Don't have/cannot upgrade,Don't have/cannot upgrade,SS,SS,SS,SS,SS,Don't have/cannot upgrade,SS,SSS,Don't have/cannot upgrade,S,S,SS,SS,Don't have/cannot upgrade,SS,Don't have/cannot upgrade,SSS,SS,Don't have/cannot upgrade,SS,Don't have/cannot upgrade,Don't have/cannot upgrade,Don't have/cannot upgrade,Don't have/cannot upgrade,SS,Don't have/cannot upgrade,SSS,SS,SS,Don't have/cannot upgrade,Don't have/cannot upgrade,Don't have/cannot upgrade,Don't have/cannot upgrade,Don't have/cannot upgrade,Don't have/cannot upgrade,Don't have/cannot upgrade,S,Don't have/cannot upgrade
8/28/2025 5:30:14,Swagzilla,@swagzilla._.,34,7,S,SS,Don't have/cannot upgrade,SS,SS,SSS,Don't have/cannot upgrade,SS,SS,S,S,S,S,Don't have/cannot upgrade,Don't have/cannot upgrade,S,SSS,S,SS,SSS,SS,SS,SS,SS,SSS,SS,SSS,SS,S,SSS,SS,S,SSS,S,SSS,S,S,SS,SSS,SS,SS,SSS,SS,SS,SS,SS,Don't have/cannot upgrade,SS,SS,SS,SS,SS,SS,SS,SS,SS,SS,S,Don't have/cannot upgrade,SS,Don't have/cannot upgrade,S,S,S,S
8/28/2025 6:07:21,Partly_Sunny,@partly_sunny,34,7,S,SS,Don't have/cannot upgrade,Don't have/cannot upgrade,Don't have/cannot upgrade,Don't have/cannot upgrade,Don't have/cannot upgrade,Don't have/cannot upgrade,Don't have/cannot upgrade,S,Don't have/cannot upgrade,S,SS,S,Don't have/cannot upgrade,Don't have/cannot upgrade,SSS,SS,Don't have/cannot upgrade,Don't have/cannot upgrade,SS,Don't have/cannot upgrade,S,Don't have/cannot upgrade,SS,Don't have/cannot upgrade,Don't have/cannot upgrade,Don't have/cannot upgrade,S,S,SS,Don't have/cannot upgrade,SS,Don't have/cannot upgrade,S,Don't have/cannot upgrade,S,Don't have/cannot upgrade,SS,SS,Don't have/cannot upgrade,Don't have/cannot upgrade,Don't have/cannot upgrade,SS,Don't have/cannot upgrade,Don't have/cannot upgrade,S,Don't have/cannot upgrade,Don't have/cannot upgrade,Don't have/cannot upgrade,Don't have/cannot upgrade,Don't have/cannot upgrade,Don't have/cannot upgrade,S,SS,Don't have/cannot upgrade,Don't have/cannot upgrade,Don't have/cannot upgrade,S,SS,Don't have/cannot upgrade,S,Don't have/cannot upgrade,S,Don't have/cannot upgrade
8/28/2025 6:10:31,bangstarserve,@bangstarserve_91149,34,7,Don't have/cannot upgrade,SS,S,SS,SS,SS,S,Don't have/cannot upgrade,SS,SS,SS,S,S,SS,Don't have/cannot upgrade,Don't have/cannot upgrade,Don't have/cannot upgrade,SS,SS,SSS,S,SS,SSS,SSS,SS,SS,SS,S,Don't have/cannot upgrade,SS,SS,S,SSS,SS,SS,S,SSS,Don't have/cannot upgrade,SS,SSS,SS,SS,SS,SS,S,SS,S,SS,SS,SS,SSS,SS,SSS,SSS,SS,SS,SS,SS,Don't have/cannot upgrade,SS,Don't have/cannot upgrade,Don't have/cannot upgrade,SS,Don't have/cannot upgrade,S
8/29/2025 3:00:13,Bobierto,@swaggy606387,34,7,Don't have/cannot upgrade,SS,Don't have/cannot upgrade,S,SS,SS,Don't have/cannot upgrade,SS,S,SS,S,SSS,SS,S,Don't have/cannot upgrade,S,Don't have/cannot upgrade,SS,SS,SS,S,S,Don't have/cannot upgrade,S,S,SS,SS,S,S,S,SS,SS,SS,Don't have/cannot upgrade,SS,Don't have/cannot upgrade,SS,S,SS,SS,SS,SSS,SS,S,S,SS,Don't have/cannot upgrade,SS,SS,A,S,Don't have/cannot upgrade,SS,S,SS,SS,SS,SS,Don't have/cannot upgrade,S,S,S,Don't have/cannot upgrade,SS,S
8/31/2025 4:54:52,Safalada,@elgee2802,34,7,Don't have/cannot upgrade,Don't have/cannot upgrade,SS,Don't have/cannot upgrade,Don't have/cannot upgrade,SSS,Don't have/cannot upgrade,Don't have/cannot upgrade,SSS,SSS,SSS,Don't have/cannot upgrade,Don't have/cannot upgrade,Don't have/cannot upgrade,Don't have/cannot upgrade,Don't have/cannot upgrade,S,SSS,Don't have/cannot upgrade,Don't have/cannot upgrade,Don't have/cannot upgrade,SSS,SS,S,Don't have/cannot upgrade,Don't have/cannot upgrade,Don't have/cannot upgrade,Don't have/cannot upgrade,S,SSS,Don't have/cannot upgrade,Don't have/cannot upgrade,SSS,SSS,Don't have/cannot upgrade,SSS,S,SSS,SSS,SSS,Don't have/cannot upgrade,Don't have/cannot upgrade,Don't have/cannot upgrade,Don't have/cannot upgrade,SSS,Don't have/cannot upgrade,Don't have/cannot upgrade,Don't have/cannot upgrade,Don't have/cannot upgrade,Don't have/cannot upgrade,SSS,SSS,Don't have/cannot upgrade,SSS,SS,Don't have/cannot upgrade,SSS,Don't have/cannot upgrade,Don't have/cannot upgrade,SSS,Don't have/cannot upgrade,Don't have/cannot upgrade,Don't have/cannot upgrade,Don't have/cannot upgrade,Don't have/cannot upgrade
09/01/2025 08:31,Paradox,@paradox_.2000,34,7,S,SS,SS,S,A,S,Don't have/cannot upgrade,A,A,S,A,S,S,Don't have/cannot upgrade,Don't have/cannot upgrade,Don't have/cannot upgrade,Don't have/cannot upgrade,S,A,Don't have/cannot upgrade,SS,A,S,A,A,Don't have/cannot upgrade,S,SSS,S,S,S,S,S,Don't have/cannot upgrade,S,Don't have/cannot upgrade,Don't have/cannot upgrade,Don't have/cannot upgrade,S,S,SS,A,S,S,Don't have/cannot upgrade,S,Don't have/cannot upgrade,A,S,S,S,Don't have/cannot upgrade,SS,SS,SS,S,Don't have/cannot upgrade,S,Don't have/cannot upgrade,Don't have/cannot upgrade,S,Don't have/cannot upgrade,Don't have/cannot upgrade,Don't have/cannot upgrade,Don't have/cannot upgrade
09/01/2025 19:45,Choochgod,@choochgod,35,,Don't have/cannot upgrade,S,S,S,S,SS,S,SS,S,SS,A,SS,A,Don't have/cannot upgrade,Don't have/cannot upgrade,Don't have/cannot upgrade,S,A,S,SS,S,S,Don't have/cannot upgrade,S,SS,S,A,SSS,S,S,SS,S,S,S,S,Don't have/cannot upgrade,SS,SS,S,SS,SS,SS,S,SS,Don't have/cannot upgrade,S,SSS,SS,S,S,S,SS,SS,SS,S,SS,A,S,S,S,Don't have/cannot upgrade,Don't have/cannot upgrade,Don't have/cannot upgrade,Don't have/cannot upgrade,Don't have/cannot upgrade
8/29/2025 16:56:23,ElGee,@elgeepa,34,,Don't have/cannot upgrade,SSS,S,Don't have/cannot upgrade,Don't have/cannot upgrade,SSS,Don't have/cannot upgrade,Don't have/cannot upgrade,SSS,SSS,Don't have/cannot upgrade,Don't have/cannot upgrade,Don't have/cannot upgrade,Don't have/cannot upgrade,Don't have/cannot upgrade,Don't have/cannot upgrade,S,Don't have/cannot upgrade,Don't have/cannot upgrade,Don't have/cannot upgrade,Don't have/cannot upgrade,SSS,SS,Don't have/cannot upgrade,Don't have/cannot upgrade,Don't have/cannot upgrade,SSS,Don't have/cannot upgrade,Don't have/cannot upgrade,SSS,Don't have/cannot upgrade,Don't have/cannot upgrade,SSS,SSS,Don't have/cannot upgrade,SSS,S,SSS,Don't have/cannot upgrade,Don't have/cannot upgrade,Don't have/cannot upgrade,Don't have/cannot upgrade,Don't have/cannot upgrade,Don't have/cannot upgrade,SSS,Don't have/cannot upgrade,Don't have/cannot upgrade,Don't have/cannot upgrade,Don't have/cannot upgrade,Don't have/cannot upgrade,Don't have/cannot upgrade,SSS,Don't have/cannot upgrade,SSS,SS,Don't have/cannot upgrade,SSS,Don't have/cannot upgrade,Don't have/cannot upgrade,SSS,SSS,Don't have/cannot upgrade,Don't have/cannot upgrade,Don't have/cannot upgrade,Don't have/cannot upgrade
09/01/2025 03:22,BOB STONE,@bob_stone,34,,Don't have/cannot upgrade,SS,SS,SS,S,A,Don't have/cannot upgrade,S,SS,Don't have/cannot upgrade,A,S,S,S,Don't have/cannot upgrade,Don't have/cannot upgrade,SS,S,S,SS,S,S,SS,SS,S,SS,A,Don't have/cannot upgrade,Don't have/cannot upgrade,S,SS,S,S,S,S,Don't have/cannot upgrade,SS,S,S,A,SS,SS,S,S,S,A,SS,S,SS,S,SS,S,S,SSS,SS,S,SS,S,Don't have/cannot upgrade,Don't have/cannot upgrade,Don't have/cannot upgrade,S,Don't have/cannot upgrade,Don't have/cannot upgrade,Don't have/cannot upgrade
8/28/2025 19:38:09,autumnful   ,@autumnful,34,,Don't have/cannot upgrade,SS,S,S,S,S,S,S,S,S,S,Don't have/cannot upgrade,S,SS,Don't have/cannot upgrade,SS,S,Don't have/cannot upgrade,S,S,S,S,SS,S,S,S,S,SS,S,SS,SS,S,S,Don't have/cannot upgrade,S,S,SS,S,S,S,S,S,S,S,S,S,S,SS,S,S,SS,SS,S,S,SS,S,SS,S,S,Don't have/cannot upgrade,S,Don't have/cannot upgrade,S,S,S
8/28/2025 20:06:39,at1113_56435,@a1113,34,,SSS,SS,SS,SS,SSS,SS,Don't have/cannot upgrade,SS,SS,SSS,SS,SSS,SS,Don't have/cannot upgrade,Don't have/cannot upgrade,Don't have/cannot upgrade,SSS,SSS,SSS,SSS,SS,SSS,Don't have/cannot upgrade,SS,SS,SSS,SSS,S,SSS,SSS,SSS,SS,SSS,Don't have/cannot upgrade,SSS,Don't have/cannot upgrade,SSS,S,SSS,SS,SSS,SSS,SSS,SS,Don't have/cannot upgrade,SSS,SSS,SS,SSS,SSS,SSS,Don't have/cannot upgrade,SS,SSS,SSS,SSS,SSS,SSS,Don't have/cannot upgrade,SS,Don't have/cannot upgrade,Don't have/cannot upgrade,Don't have/cannot upgrade,Don't have/cannot upgrade,Don't have/cannot upgrade
8/29/2025 6:36:05,ascendis  ,@joporsche,34,,Don't have/cannot upgrade,S,Don't have/cannot upgrade,Don't have/cannot upgrade,A,A,Don't have/cannot upgrade,A,S,Don't have/cannot upgrade,A,S,S,S,Don't have/cannot upgrade,Don't have/cannot upgrade,Don't have/cannot upgrade,Don't have/cannot upgrade,S,Don't have/cannot upgrade,A,A,Don't have/cannot upgrade,A,S,S,S,SS,SS,SS,S,A,S,Don't have/cannot upgrade,Don't have/cannot upgrade,Don't have/cannot upgrade,S,Don't have/cannot upgrade,S,Don't have/cannot upgrade,Don't have/cannot upgrade,Don't have/cannot upgrade,S,Don't have/cannot upgrade,Don't have/cannot upgrade,Don't have/cannot upgrade,S,Don't have/cannot upgrade,S,Don't have/cannot upgrade,S,Don't have/cannot upgrade,Don't have/cannot upgrade,S,Don't have/cannot upgrade,Don't have/cannot upgrade,A,S,Don't have/cannot upgrade,Don't have/cannot upgrade,Don't have/cannot upgrade,Don't have/cannot upgrade,Don't have/cannot upgrade,Don't have/cannot upgrade,Don't have/cannot upgrade
09/01/2025 16:32,XXX_JeVader_XXX,@XXX_JeVader_XXX,34,,S,SS,SSS,SSS,SS,SS,Don't have/cannot upgrade,SSS,SSS,SS,SSS,SSS,SSS,Don't have/cannot upgrade,Don't have/cannot upgrade,Don't have/cannot upgrade,SSS,SS,SSS,SSS,SSS,SSS,S,SSS,SSS,SSS,SS,SS,SSS,SSS,SSS,SSS,SS,S,SSS,Don't have/cannot upgrade,SSS,SSS,SSS,SSS,SSS,SSS,SSS,SS,SS,SSS,SS,SSS,SSS,SSS,SS,SS,SSS,SSS,SSS,SSS,SSS,SSS,S,S,Don't have/cannot upgrade,Don't have/cannot upgrade,Don't have/cannot upgrade,S,Don't have/cannot upgrade
09/01/2025 16:48,Bielikciponator3000,@ciponator3000,34,,Don't have/cannot upgrade,Don't have/cannot upgrade,Don't have/cannot upgrade,Don't have/cannot upgrade,Don't have/cannot upgrade,Don't have/cannot upgrade,Don't have/cannot upgrade,Don't have/cannot upgrade,Don't have/cannot upgrade,SS,Don't have/cannot upgrade,Don't have/cannot upgrade,Don't have/cannot upgrade,Don't have/cannot upgrade,Don't have/cannot upgrade,Don't have/cannot upgrade,Don't have/cannot upgrade,Don't have/cannot upgrade,Don't have/cannot upgrade,Don't have/cannot upgrade,Don't have/cannot upgrade,Don't have/cannot upgrade,SS,Don't have/cannot upgrade,Don't have/cannot upgrade,SSS,Don't have/cannot upgrade,Don't have/cannot upgrade,Don't have/cannot upgrade,Don't have/cannot upgrade,Don't have/cannot upgrade,Don't have/cannot upgrade,Don't have/cannot upgrade,Don't have/cannot upgrade,Don't have/cannot upgrade,Don't have/cannot upgrade,Don't have/cannot upgrade,SSS,Don't have/cannot upgrade,Don't have/cannot upgrade,Don't have/cannot upgrade,Don't have/cannot upgrade,Don't have/cannot upgrade,Don't have/cannot upgrade,SS,Don't have/cannot upgrade,Don't have/cannot upgrade,Don't have/cannot upgrade,Don't have/cannot upgrade,Don't have/cannot upgrade,Don't have/cannot upgrade,SS,Don't have/cannot upgrade,Don't have/cannot upgrade,Don't have/cannot upgrade,Don't have/cannot upgrade,Don't have/cannot upgrade,Don't have/cannot upgrade,Don't have/cannot upgrade,SS,Don't have/cannot upgrade,SS,Don't have/cannot upgrade,Don't have/cannot upgrade,Don't have/cannot upgrade
09/01/2025 17:16,AhsokaBee,@ahsokabee,34,,Don't have/cannot upgrade,Don't have/cannot upgrade,SS,SS,Don't have/cannot upgrade,Don't have/cannot upgrade,Don't have/cannot upgrade,Don't have/cannot upgrade,Don't have/cannot upgrade,Don't have/cannot upgrade,SS,Don't have/cannot upgrade,Don't have/cannot upgrade,Don't have/cannot upgrade,SS,Don't have/cannot upgrade,Don't have/cannot upgrade,Don't have/cannot upgrade,Don't have/cannot upgrade,Don't have/cannot upgrade,SS,Don't have/cannot upgrade,SSS,Don't have/cannot upgrade,SS,Don't have/cannot upgrade,Don't have/cannot upgrade,SS,SS,SS,SS,SS,Don't have/cannot upgrade,SS,SSS,Don't have/cannot upgrade,S,S,SS,SS,Don't have/cannot upgrade,SS,Don't have/cannot upgrade,SSS,SS,Don't have/cannot upgrade,SS,Don't have/cannot upgrade,Don't have/cannot upgrade,Don't have/cannot upgrade,Don't have/cannot upgrade,SS,Don't have/cannot upgrade,SSS,SSS,SS,Don't have/cannot upgrade,Don't have/cannot upgrade,Don't have/cannot upgrade,Don't have/cannot upgrade,Don't have/cannot upgrade,Don't have/cannot upgrade,Don't have/cannot upgrade,S,Don't have/cannot upgrade
09/02/2025 12:56,SundayTrollðŸ‡®ðŸ‡¹,@giuwannktm,34,,Don't have/cannot upgrade,SS,SS,SS,SS,SS,Don't have/cannot upgrade,SS,SS,SS,SS,SSS,SSS,S,Don't have/cannot upgrade,Don't have/cannot upgrade,SSS,SS,SS,SS,S,SS,SSS,S,SS,SSS,SS,SS,S,SS,SS,SSS,SS,SS,SSS,Don't have/cannot upgrade,SS,Don't have/cannot upgrade,SS,SS,SS,SS,SSS,SSS,SS,SS,S,SS,SSS,SS,SS,SS,SS,SSS,SSS,SS,SS,S,Don't have/cannot upgrade,Don't have/cannot upgrade,Don't have/cannot upgrade,SS,Don't have/cannot upgrade,Don't have/cannot upgrade,Don't have/cannot upgrade
8/27/2025 22:52:33,starrrrr.,@office369,33,,Don't have/cannot upgrade,S,Don't have/cannot upgrade,S,S,A,Don't have/cannot upgrade,S,S,S,A,SS,A,Don't have/cannot upgrade,Don't have/cannot upgrade,Don't have/cannot upgrade,S,S,A,SS,S,S,SS,A,S,S,Don't have/cannot upgrade,Don't have/cannot upgrade,S,S,S,S,A,Don't have/cannot upgrade,A,Don't have/cannot upgrade,Don't have/cannot upgrade,Don't have/cannot upgrade,S,A,S,SS,S,S,Don't have/cannot upgrade,S,Don't have/cannot upgrade,A,S,A,S,Don't have/cannot upgrade,S,S,S,S,A,A,Don't have/cannot upgrade,SS,Don't have/cannot upgrade,Don't have/cannot upgrade,Don't have/cannot upgrade,Don't have/cannot upgrade,SS
8/28/2025 9:41:39,phÃ¡ Ä‘Ã¡m,@phadam_,33,,Don't have/cannot upgrade,S,S,S,S,S,Don't have/cannot upgrade,S,SS,SS,A,S,A,Don't have/cannot upgrade,SS,Don't have/cannot upgrade,SS,S,A,S,S,S,Don't have/cannot upgrade,S,S,S,A,SS,Don't have/cannot upgrade,SS,S,S,S,Don't have/cannot upgrade,S,Don't have/cannot upgrade,SS,SS,SS,A,S,S,S,S,Don't have/cannot upgrade,S,S,S,SS,Don't have/cannot upgrade,SS,Don't have/cannot upgrade,S,SS,S,S,S,A,Don't have/cannot upgrade,Don't have/cannot upgrade,Don't have/cannot upgrade,Don't have/cannot upgrade,Don't have/cannot upgrade,Don't have/cannot upgrade,Don't have/cannot upgrade
09/01/2025 16:46,lubiezabki420,@lubiezabki4200890,33,,Don't have/cannot upgrade,Don't have/cannot upgrade,Don't have/cannot upgrade,Don't have/cannot upgrade,Don't have/cannot upgrade,Don't have/cannot upgrade,Don't have/cannot upgrade,Don't have/cannot upgrade,Don't have/cannot upgrade,Don't have/cannot upgrade,Don't have/cannot upgrade,SSS,Don't have/cannot upgrade,Don't have/cannot upgrade,Don't have/cannot upgrade,Don't have/cannot upgrade,S,Don't have/cannot upgrade,Don't have/cannot upgrade,Don't have/cannot upgrade,Don't have/cannot upgrade,Don't have/cannot upgrade,SS,Don't have/cannot upgrade,Don't have/cannot upgrade,Don't have/cannot upgrade,Don't have/cannot upgrade,Don't have/cannot upgrade,Don't have/cannot upgrade,Don't have/cannot upgrade,Don't have/cannot upgrade,Don't have/cannot upgrade,Don't have/cannot upgrade,Don't have/cannot upgrade,Don't have/cannot upgrade,Don't have/cannot upgrade,Don't have/cannot upgrade,Don't have/cannot upgrade,Don't have/cannot upgrade,Don't have/cannot upgrade,Don't have/cannot upgrade,Don't have/cannot upgrade,Don't have/cannot upgrade,Don't have/cannot upgrade,Don't have/cannot upgrade,Don't have/cannot upgrade,Don't have/cannot upgrade,Don't have/cannot upgrade,Don't have/cannot upgrade,Don't have/cannot upgrade,Don't have/cannot upgrade,Don't have/cannot upgrade,Don't have/cannot upgrade,Don't have/cannot upgrade,Don't have/cannot upgrade,Don't have/cannot upgrade,Don't have/cannot upgrade,Don't have/cannot upgrade,Don't have/cannot upgrade,S,Don't have/cannot upgrade,SS,Don't have/cannot upgrade,Don't have/cannot upgrade,Don't have/cannot upgrade
09/01/2025 16:50,3dg0r,@3dg0r,33,,S,SSS,S,SS,S,SS,Don't have/cannot upgrade,SS,SS,SS,SS,SSS,S,Don't have/cannot upgrade,Don't have/cannot upgrade,Don't have/cannot upgrade,Don't have/cannot upgrade,SS,SS,SS,SS,SSS,S,SSS,SSS,SS,S,SSS,SS,S,SSS,SSS,SS,Don't have/cannot upgrade,SSS,SS,Don't have/cannot upgrade,SS,SS,SS,SS,SSS,SS,SSS,S,SSS,SS,S,SS,S,SS,S,SS,SSS,SS,SS,SS,S,Don't have/cannot upgrade,S,SS,Don't have/cannot upgrade,Don't have/cannot upgrade,S,SS
09/01/2025 17:06,Xan,@xaniboo72,33,,Don't have/cannot upgrade,S,Don't have/cannot upgrade,S,Don't have/cannot upgrade,A,Don't have/cannot upgrade,S,A,Don't have/cannot upgrade,S,A,A,Don't have/cannot upgrade,Don't have/cannot upgrade,Don't have/cannot upgrade,Don't have/cannot upgrade,A,S,Don't have/cannot upgrade,A,S,SS,Don't have/cannot upgrade,S,Don't have/cannot upgrade,A,Don't have/cannot upgrade,S,A,Don't have/cannot upgrade,A,S,Don't have/cannot upgrade,A,S,Don't have/cannot upgrade,S,S,A,S,Don't have/cannot upgrade,S,S,Don't have/cannot upgrade,S,Don't have/cannot upgrade,S,S,A,S,Don't have/cannot upgrade,A,SS,S,S,S,S,Don't have/cannot upgrade,Don't have/cannot upgrade,Don't have/cannot upgrade,Don't have/cannot upgrade,S,S,Don't have/cannot upgrade
09/01/2025 17:58,ã€Žð”¸ð•ð•–ð•©ã€â˜¯,@alex_ackerman13,33,,Don't have/cannot upgrade,SS,SS,S,SS,S,Don't have/cannot upgrade,A,SS,S,SS,SS,SS,Don't have/cannot upgrade,Don't have/cannot upgrade,Don't have/cannot upgrade,SS,S,A,S,S,A,S,S,Don't have/cannot upgrade,S,A,Don't have/cannot upgrade,Don't have/cannot upgrade,S,S,SS,SS,Don't have/cannot upgrade,S,SS,Don't have/cannot upgrade,S,S,SS,S,A,SS,S,Don't have/cannot upgrade,SS,SS,Don't have/cannot upgrade,SS,S,S,SS,SS,S,SS,SS,SS,A,Don't have/cannot upgrade,S,Don't have/cannot upgrade,SS,Don't have/cannot upgrade,SS,S
09/02/2025 07:47,Dekard,@dekarhd_26397,33,,Don't have/cannot upgrade,S,Don't have/cannot upgrade,Don't have/cannot upgrade,SSS,S,Don't have/cannot upgrade,Don't have/cannot upgrade,Don't have/cannot upgrade,Don't have/cannot upgrade,Don't have/cannot upgrade,SS,Don't have/cannot upgrade,S,Don't have/cannot upgrade,S,S,Don't have/cannot upgrade,Don't have/cannot upgrade,Don't have/cannot upgrade,Don't have/cannot upgrade,Don't have/cannot upgrade,S,Don't have/cannot upgrade,Don't have/cannot upgrade,Don't have/cannot upgrade,Don't have/cannot upgrade,SS,Don't have/cannot upgrade,Don't have/cannot upgrade,Don't have/cannot upgrade,Don't have/cannot upgrade,Don't have/cannot upgrade,S,Don't have/cannot upgrade,Don't have/cannot upgrade,S,SS,Don't have/cannot upgrade,Don't have/cannot upgrade,SS,Don't have/cannot upgrade,Don't have/cannot upgrade,Don't have/cannot upgrade,Don't have/cannot upgrade,Don't have/cannot upgrade,S,Don't have/cannot upgrade,Don't have/cannot upgrade,Don't have/cannot upgrade,Don't have/cannot upgrade,SS,Don't have/cannot upgrade,Don't have/cannot upgrade,Don't have/cannot upgrade,Don't have/cannot upgrade,Don't have/cannot upgrade,Don't have/cannot upgrade,Don't have/cannot upgrade,Don't have/cannot upgrade,Don't have/cannot upgrade,SS,Don't have/cannot upgrade,S,S
09/02/2025 08:15,Dony,@dony_dc,33,,S,Don't have/cannot upgrade,S,Don't have/cannot upgrade,Don't have/cannot upgrade,SSS,Don't have/cannot upgrade,SS,SSS,Don't have/cannot upgrade,SSS,Don't have/cannot upgrade,SSS,S,Don't have/cannot upgrade,Don't have/cannot upgrade,SS,Don't have/cannot upgrade,Don't have/cannot upgrade,Don't have/cannot upgrade,Don't have/cannot upgrade,SSS,S,Don't have/cannot upgrade,Don't have/cannot upgrade,Don't have/cannot upgrade,SS,SS,SS,S,Don't have/cannot upgrade,SSS,Don't have/cannot upgrade,Don't have/cannot upgrade,Don't have/cannot upgrade,SS,SS,Don't have/cannot upgrade,Don't have/cannot upgrade,Don't have/cannot upgrade,Don't have/cannot upgrade,Don't have/cannot upgrade,SS,Don't have/cannot upgrade,SS,Don't have/cannot upgrade,SS,Don't have/cannot upgrade,Don't have/cannot upgrade,Don't have/cannot upgrade,Don't have/cannot upgrade,Don't have/cannot upgrade,Don't have/cannot upgrade,Don't have/cannot upgrade,Don't have/cannot upgrade,Don't have/cannot upgrade,Don't have/cannot upgrade,Don't have/cannot upgrade,S,Don't have/cannot upgrade,Don't have/cannot upgrade,Don't have/cannot upgrade,Don't have/cannot upgrade,Don't have/cannot upgrade,S
09/02/2025 08:23,nano_0511,@nano_0511,33,,Don't have/cannot upgrade,S,S,S,SS,A,Don't have/cannot upgrade,A,A,S,S,S,S,Don't have/cannot upgrade,Don't have/cannot upgrade,Don't have/cannot upgrade,Don't have/cannot upgrade,A,A,A,A,A,S,S,S,A,A,Don't have/cannot upgrade,S,S,A,S,S,Don't have/cannot upgrade,A,Don't have/cannot upgrade,Don't have/cannot upgrade,Don't have/cannot upgrade,S,S,S,Don't have/cannot upgrade,S,A,Don't have/cannot upgrade,S,Don't have/cannot upgrade,A,S,Don't have/cannot upgrade,S,S,S,SS,S,S,S,S,Don't have/cannot upgrade,S,Don't have/cannot upgrade,Don't have/cannot upgrade,Don't have/cannot upgrade,S,Don't have/cannot upgrade
09/02/2025 12:00,2much,@2much,33,,Don't have/cannot upgrade,S,S,S,S,S,S,A,S,SS,A,A,A,Don't have/cannot upgrade,Don't have/cannot upgrade,Don't have/cannot upgrade,S,S,S,S,S,SS,Don't have/cannot upgrade,A,A,S,S,SSS,S,S,A,A,S,Don't have/cannot upgrade,S,Don't have/cannot upgrade,Don't have/cannot upgrade,S,S,A,S,SS,S,S,S,S,Don't have/cannot upgrade,S,S,A,S,S,S,A,S,S,A,S,Don't have/cannot upgrade,Don't have/cannot upgrade,Don't have/cannot upgrade,Don't have/cannot upgrade,Don't have/cannot upgrade,Don't have/cannot upgrade,Don't have/cannot upgrade
09/02/2025 12:04,Jujuonthewheels,@tyronesmithsonian,33,,Don't have/cannot upgrade,Don't have/cannot upgrade,Don't have/cannot upgrade,Don't have/cannot upgrade,Don't have/cannot upgrade,Don't have/cannot upgrade,Don't have/cannot upgrade,Don't have/cannot upgrade,Don't have/cannot upgrade,Don't have/cannot upgrade,Don't have/cannot upgrade,Don't have/cannot upgrade,Don't have/cannot upgrade,Don't have/cannot upgrade,Don't have/cannot upgrade,Don't have/cannot upgrade,S,Don't have/cannot upgrade,Don't have/cannot upgrade,Don't have/cannot upgrade,Don't have/cannot upgrade,Don't have/cannot upgrade,Don't have/cannot upgrade,Don't have/cannot upgrade,Don't have/cannot upgrade,S,Don't have/cannot upgrade,Don't have/cannot upgrade,SS,Don't have/cannot upgrade,Don't have/cannot upgrade,Don't have/cannot upgrade,Don't have/cannot upgrade,Don't have/cannot upgrade,Don't have/cannot upgrade,Don't have/cannot upgrade,Don't have/cannot upgrade,S,Don't have/cannot upgrade,Don't have/cannot upgrade,Don't have/cannot upgrade,Don't have/cannot upgrade,Don't have/cannot upgrade,S,Don't have/cannot upgrade,Don't have/cannot upgrade,Don't have/cannot upgrade,S,S,Don't have/cannot upgrade,Don't have/cannot upgrade,S,Don't have/cannot upgrade,Don't have/cannot upgrade,Don't have/cannot upgrade,Don't have/cannot upgrade,Don't have/cannot upgrade,Don't have/cannot upgrade,Don't have/cannot upgrade,Don't have/cannot upgrade,Don't have/cannot upgrade,Don't have/cannot upgrade,S,S,Don't have/cannot upgrade
8/29/2025 14:54:45,7G,@7g0g7,32,,Don't have/cannot upgrade,S,Don't have/cannot upgrade,S,S,A,S,A,S,S,A,SS,A,Don't have/cannot upgrade,Don't have/cannot upgrade,Don't have/cannot upgrade,Don't have/cannot upgrade,S,A,S,A,A,SS,S,A,S,A,S,Don't have/cannot upgrade,SS,S,A,S,Don't have/cannot upgrade,S,Don't have/cannot upgrade,Don't have/cannot upgrade,S,S,A,S,S,S,A,Don't have/cannot upgrade,S,S,A,S,S,S,Don't have/cannot upgrade,S,A,A,S,S,A,Don't have/cannot upgrade,S,Don't have/cannot upgrade,Don't have/cannot upgrade,Don't have/cannot upgrade,Don't have/cannot upgrade,S
09/01/2025 18:08,robert,@vertiqal,32,,Don't have/cannot upgrade,A,S,A,S,Don't have/cannot upgrade,Don't have/cannot upgrade,A,A,Don't have/cannot upgrade,A,Don't have/cannot upgrade,S,S,Don't have/cannot upgrade,Don't have/cannot upgrade,Don't have/cannot upgrade,S,A,S,A,A,SS,S,A,S,S,Don't have/cannot upgrade,S,A,S,A,S,A,A,Don't have/cannot upgrade,Don't have/cannot upgrade,Don't have/cannot upgrade,A,A,S,A,S,A,Don't have/cannot upgrade,A,Don't have/cannot upgrade,S,S,A,S,Don't have/cannot upgrade,S,SS,S,S,A,A,Don't have/cannot upgrade,Don't have/cannot upgrade,Don't have/cannot upgrade,S,Don't have/cannot upgrade,Don't have/cannot upgrade,Don't have/cannot upgrade
09/02/2025 01:42,Ashu,@ashvanden,32,,S,S,S,S,Don't have/cannot upgrade,S,Don't have/cannot upgrade,A,S,Don't have/cannot upgrade,S,S,S,Don't have/cannot upgrade,Don't have/cannot upgrade,S,S,S,Don't have/cannot upgrade,S,S,S,SS,S,S,A,S,Don't have/cannot upgrade,Don't have/cannot upgrade,A,SS,A,S,Don't have/cannot upgrade,S,Don't have/cannot upgrade,Don't have/cannot upgrade,Don't have/cannot upgrade,S,S,S,A,S,Don't have/cannot upgrade,Don't have/cannot upgrade,Don't have/cannot upgrade,SS,S,S,S,S,Don't have/cannot upgrade,S,SS,S,S,A,A,Don't have/cannot upgrade,Don't have/cannot upgrade,Don't have/cannot upgrade,Don't have/cannot upgrade,Don't have/cannot upgrade,S,Don't have/cannot upgrade
09/03/2025 00:20,ogre250,@OGRE,32,,S,S,SSS,S,S,A,Don't have/cannot upgrade,S,A,Don't have/cannot upgrade,S,S,S,Don't have/cannot upgrade,S,Don't have/cannot upgrade,Don't have/cannot upgrade,SS,A,A,S,A,S,S,A,S,S,Don't have/cannot upgrade,S,S,S,SS,S,Don't have/cannot upgrade,S,Don't have/cannot upgrade,Don't have/cannot upgrade,Don't have/cannot upgrade,S,S,SS,A,S,SS,Don't have/cannot upgrade,S,S,S,SS,S,S,Don't have/cannot upgrade,SS,SS,S,S,A,S,Don't have/cannot upgrade,S,Don't have/cannot upgrade,Don't have/cannot upgrade,Don't have/cannot upgrade,S,Don't have/cannot upgrade
8/27/2025 18:17:39,Charged,@kaetopotato._._37867,1,,Don't have/cannot upgrade,SS,S,SS,S,S,Don't have/cannot upgrade,A,S,S,SS,S,SS,S,Don't have/cannot upgrade,S,S,S,S,S,S,S,S,S,S,S,S,S,S,S,SS,S,S,S,SS,S,S,Don't have/cannot upgrade,S,A,S,S,S,S,S,S,S,S,S,S,SS,S,SS,S,S,S,S,S,S,S,S,S,Don't have/cannot upgrade,Don't have/cannot upgrade,Don't have/cannot upgrade
8/27/2025 23:19:03,Lonely Rider - NOT QUALIFIED,@stxnce_playa,1,,Don't have/cannot upgrade,A,Don't have/cannot upgrade,Don't have/cannot upgrade,Don't have/cannot upgrade,Don't have/cannot upgrade,Don't have/cannot upgrade,Don't have/cannot upgrade,Don't have/cannot upgrade,Don't have/cannot upgrade,Don't have/cannot upgrade,A,Don't have/cannot upgrade,Don't have/cannot upgrade,Don't have/cannot upgrade,Don't have/cannot upgrade,Don't have/cannot upgrade,Don't have/cannot upgrade,Don't have/cannot upgrade,Don't have/cannot upgrade,A,Don't have/cannot upgrade,Don't have/cannot upgrade,Don't have/cannot upgrade,Don't have/cannot upgrade,Don't have/cannot upgrade,Don't have/cannot upgrade,Don't have/cannot upgrade,Don't have/cannot upgrade,Don't have/cannot upgrade,Don't have/cannot upgrade,Don't have/cannot upgrade,Don't have/cannot upgrade,Don't have/cannot upgrade,A,Don't have/cannot upgrade,Don't have/cannot upgrade,Don't have/cannot upgrade,Don't have/cannot upgrade,Don't have/cannot upgrade,Don't have/cannot upgrade,Don't have/cannot upgrade,Don't have/cannot upgrade,Don't have/cannot upgrade,Don't have/cannot upgrade,Don't have/cannot upgrade,Don't have/cannot upgrade,A,Don't have/cannot upgrade,Don't have/cannot upgrade,Don't have/cannot upgrade,Don't have/cannot upgrade,Don't have/cannot upgrade,Don't have/cannot upgrade,Don't have/cannot upgrade,Don't have/cannot upgrade,Don't have/cannot upgrade,Don't have/cannot upgrade,S,Don't have/cannot upgrade,Don't have/cannot upgrade,Don't have/cannot upgrade,Don't have/cannot upgrade,Don't have/cannot upgrade,Don't have/cannot upgrade
8/28/2025 6:26:57,Theoretisch14,@theoretisch31,1,,Don't have/cannot upgrade,Don't have/cannot upgrade,S,Don't have/cannot upgrade,Don't have/cannot upgrade,Don't have/cannot upgrade,Don't have/cannot upgrade,Don't have/cannot upgrade,Don't have/cannot upgrade,S,Don't have/cannot upgrade,Don't have/cannot upgrade,Don't have/cannot upgrade,Don't have/cannot upgrade,S,Don't have/cannot upgrade,Don't have/cannot upgrade,Don't have/cannot upgrade,Don't have/cannot upgrade,Don't have/cannot upgrade,Don't have/cannot upgrade,Don't have/cannot upgrade,Don't have/cannot upgrade,Don't have/cannot upgrade,Don't have/cannot upgrade,Don't have/cannot upgrade,Don't have/cannot upgrade,Don't have/cannot upgrade,Don't have/cannot upgrade,Don't have/cannot upgrade,Don't have/cannot upgrade,Don't have/cannot upgrade,Don't have/cannot upgrade,Don't have/cannot upgrade,S,Don't have/cannot upgrade,Don't have/cannot upgrade,Don't have/cannot upgrade,Don't have/cannot upgrade,Don't have/cannot upgrade,Don't have/cannot upgrade,Don't have/cannot upgrade,Don't have/cannot upgrade,Don't have/cannot upgrade,Don't have/cannot upgrade,Don't have/cannot upgrade,Don't have/cannot upgrade,Don't have/cannot upgrade,Don't have/cannot upgrade,Don't have/cannot upgrade,Don't have/cannot upgrade,S,Don't have/cannot upgrade,Don't have/cannot upgrade,Don't have/cannot upgrade,Don't have/cannot upgrade,Don't have/cannot upgrade,Don't have/cannot upgrade,Don't have/cannot upgrade,Don't have/cannot upgrade,Don't have/cannot upgrade,Don't have/cannot upgrade,Don't have/cannot upgrade,Don't have/cannot upgrade,Don't have/cannot upgrade
09/03/2025 13:20,Cristian Talamba,66reaper66#4449,<32,,Don't have/cannot upgrade,S,SS,Don't have/cannot upgrade,S,S,S,S,S,S,S,S,Don't have/cannot upgrade,Don't have/cannot upgrade,Don't have/cannot upgrade,Don't have/cannot upgrade,Don't have/cannot upgrade,Don't have/cannot upgrade,Don't have/cannot upgrade,Don't have/cannot upgrade,Don't have/cannot upgrade,Don't have/cannot upgrade,Don't have/cannot upgrade,Don't have/cannot upgrade,Don't have/cannot upgrade,Don't have/cannot upgrade,Don't have/cannot upgrade,Don't have/cannot upgrade,SS,S,Don't have/cannot upgrade,Don't have/cannot upgrade,Don't have/cannot upgrade,Don't have/cannot upgrade,Don't have/cannot upgrade,Don't have/cannot upgrade,Don't have/cannot upgrade,S,S,A,Don't have/cannot upgrade,Don't have/cannot upgrade,S,S,S,Don't have/cannot upgrade,Don't have/cannot upgrade,S,Don't have/cannot upgrade,Don't have/cannot upgrade,S,Don't have/cannot upgrade,Don't have/cannot upgrade,S,Don't have/cannot upgrade,Don't have/cannot upgrade,Don't have/cannot upgrade,Don't have/cannot upgrade,Don't have/cannot upgrade,S,S,Don't have/cannot upgrade,Don't have/cannot upgrade,Don't have/cannot upgrade,S
09/03/2025 13:40,à¹›BAKOãƒ„ä¹›,bakotsu,<32,,Don't have/cannot upgrade,A,S,A,A,A,Don't have/cannot upgrade,Don't have/cannot upgrade,S,S,Don't have/cannot upgrade,S,A,Don't have/cannot upgrade,Don't have/cannot upgrade,Don't have/cannot upgrade,Don't have/cannot upgrade,Don't have/cannot upgrade,Don't have/cannot upgrade,A,A,A,Don't have/cannot upgrade,Don't have/cannot upgrade,A,A,Don't have/cannot upgrade,Don't have/cannot upgrade,Don't have/cannot upgrade,A,A,A,A,Don't have/cannot upgrade,A,Don't have/cannot upgrade,Don't have/cannot upgrade,Don't have/cannot upgrade,A,A,A,Don't have/cannot upgrade,A,Don't have/cannot upgrade,Don't have/cannot upgrade,A,Don't have/cannot upgrade,S,S,A,A,S,A,S,S,A,Don't have/cannot upgrade,Don't have/cannot upgrade,Don't have/cannot upgrade,Don't have/cannot upgrade,Don't have/cannot upgrade,S,Don't have/cannot upgrade,Don't have/cannot upgrade,Don't have/cannot upgrade
09/03/2025 14:41,edua9596,@edua9596,33,,Don't have/cannot upgrade,Don't have/cannot upgrade,S,Don't have/cannot upgrade,Don't have/cannot upgrade,S,Don't have/cannot upgrade,SS,Don't have/cannot upgrade,Don't have/cannot upgrade,SS,S,Don't have/cannot upgrade,Don't have/cannot upgrade,S,Don't have/cannot upgrade,SS,SS,SS,Don't have/cannot upgrade,SS,Don't have/cannot upgrade,Don't have/cannot upgrade,Don't have/cannot upgrade,S,SS,Don't have/cannot upgrade,Don't have/cannot upgrade,SS,Don't have/cannot upgrade,Don't have/cannot upgrade,S,Don't have/cannot upgrade,Don't have/cannot upgrade,SS,Don't have/cannot upgrade,SS,Don't have/cannot upgrade,SS,Don't have/cannot upgrade,SS,Don't have/cannot upgrade,Don't have/cannot upgrade,SS,Don't have/cannot upgrade,Don't have/cannot upgrade,Don't have/cannot upgrade,S,S,Don't have/cannot upgrade,Don't have/cannot upgrade,Don't have/cannot upgrade,Don't have/cannot upgrade,SS,Don't have/cannot upgrade,Don't have/cannot upgrade,Don't have/cannot upgrade,Don't have/cannot upgrade,Don't have/cannot upgrade,S,Don't have/cannot upgrade,Don't have/cannot upgrade,Don't have/cannot upgrade,SS,Don't have/cannot upgrade
09/03/2025 17:25,Barebuha,@ba.re.bu.ha,34,,SS,SS,SS,SS,S,SS,S,SS,SSS,SS,SS,SS,SS,S,Don't have/cannot upgrade,Don't have/cannot upgrade,SS,SS,SS,S,S,SS,SS,SSS,SS,SS,SSS,SSS,SSS,S,SS,SS,SS,Don't have/cannot upgrade,SS,SS,SS,SS,SS,SS,SS,S,SS,SS,S,SS,S,SS,SS,SS,SS,SSS,SS,SSS,SS,SS,SS,SSS,Don't have/cannot upgrade,Don't have/cannot upgrade,S,Don't have/cannot upgrade,Don't have/cannot upgrade,Don't have/cannot upgrade,Don't have/cannot upgrade
